ファイル対象年月,地域名,施設名,市町名,当年(月),前年(月),対前年同月比,当年(累計),前年(累計),対前年同期比
2024-01,,ぐるっと松江堀川めぐり,松江市,7801.0,7582.0,102.9,7801.0,7582.0,102.9
2024-01,,松江城,松江市,15482.0,12848.0,120.5,15482.0,12848.0,120.5
2024-01,松江,由志園,松江市,12445.0,10483.0,118.7,12445.0,10483.0,118.7
2024-01,松江,八重垣神社,松江市,45851.0,59017.0,77.7,45851.0,59017.0,77.7
2024-01,松江,足立美術館,安来市,16294.0,12286.0,132.6,16294.0,12286.0,132.6
2024-01,安来,清水寺,安来市,33000.0,35800.0,92.2,33000.0,35800.0,92.2
2024-01,安来,玉峰山荘,奥出雲町,6587.0,5840.0,112.8,6587.0,5840.0,112.8
2024-01,雲南,道の駅たたらば壱番地,雲南市,16010.0,14971.0,106.9,16010.0,14971.0,106.9
2024-01,雲南,古代出雲歴史博物館,出雲市,12160.0,11196.0,108.6,12160.0,11196.0,108.6
2024-01,雲南,道の駅キララ多伎,出雲市,25043.0,23755.0,105.4,25043.0,23755.0,105.4
2024-01,出雲,島根ワイナリー,出雲市,35710.0,33972.0,105.1,35710.0,33972.0,105.1
2024-01,出雲,ゴビウス,出雲市,12536.0,10179.0,123.2,12536.0,10179.0,123.2
2024-01,出雲,三瓶自然館,大田市,2664.0,2264.0,117.7,2664.0,2264.0,117.7
2024-01,大田,龍源寺間歩,大田市,2414.0,2055.0,117.5,2414.0,2055.0,117.5
2024-01,邑智,仁摩サンドミュージアム,大田市,1439.0,1328.0,108.4,1439.0,1328.0,108.4
2024-01,邑智,香木の森公園,邑南町,1300.0,1198.0,108.5,1300.0,1198.0,108.5
2024-01,邑智,風の国,江津市,627.0,1078.0,58.2,627.0,1078.0,58.2
2024-01,江津,アクアス,浜田市,16393.0,14742.0,111.2,16393.0,14742.0,111.2
2024-01,浜田,きんたの里,浜田市,8114.0,6894.0,117.7,8114.0,6894.0,117.7
2024-01,浜田,はまだお魚市場,浜田市,8294.0,7334.0,113.1,8294.0,7334.0,113.1
2024-01,浜田,万葉公園,益田市,16458.0,16896.0,97.4,16458.0,16896.0,97.4
2024-01,益田,太皷谷稲成神社,津和野町,233202.0,213641.0,109.2,233202.0,213641.0,109.2
2024-01,益田,森鷗外記念館,津和野町,367.0,362.0,101.4,367.0,362.0,101.4
2024-01,益田,隠岐神社,海士町,1500.0,1395.0,107.5,1500.0,1395.0,107.5
2024-01,隠岐,国賀海岸,西ノ島町,0.0,0.0,-,0.0,0.0,-
2024-01,隠岐,フィッシャーマンズワーフ隠岐,隠岐の島町,2103.0,2105.0,99.9,2103.0,2105.0,99.9
2024-01,隠岐,合,計,533794.0,509221.0,104.8,533794.0,509221.0,104.8
2024-02,,ぐるっと松江堀川めぐり,松江市,9708.0,9378.0,103.5,17509.0,16960.0,103.2
2024-02,,松江城,松江市,19275.0,18336.0,105.1,35013.0,31184.0,112.3
2024-02,松江,由志園,松江市,8820.0,9848.0,89.6,21265.0,20331.0,104.6
2024-02,松江,八重垣神社,松江市,12570.0,12028.0,104.5,58421.0,71045.0,82.2
2024-02,松江,足立美術館,安来市,22703.0,19805.0,114.6,38997.0,32091.0,121.5
2024-02,安来,清水寺,安来市,7900.0,6600.0,119.7,40900.0,42400.0,96.5
2024-02,安来,玉峰山荘,奥出雲町,1925.0,3953.0,48.7,8512.0,9793.0,86.9
2024-02,雲南,道の駅たたらば壱番地,雲南市,14668.0,14842.0,98.8,30678.0,29813.0,102.9
2024-02,雲南,古代出雲歴史博物館,出雲市,9072.0,8927.0,101.6,21232.0,20123.0,105.5
2024-02,雲南,道の駅キララ多伎,出雲市,25336.0,23850.0,106.2,50379.0,47605.0,105.8
2024-02,出雲,島根ワイナリー,出雲市,24857.0,29097.0,85.4,60567.0,63069.0,96.0
2024-02,出雲,ゴビウス,出雲市,10254.0,9141.0,112.2,22790.0,19320.0,118.0
2024-02,出雲,三瓶自然館,大田市,2902.0,2269.0,127.9,5566.0,4533.0,122.8
2024-02,大田,龍源寺間歩,大田市,3715.0,3412.0,108.9,6129.0,5467.0,112.1
2024-02,邑智,仁摩サンドミュージアム,大田市,2688.0,1871.0,143.7,4127.0,3199.0,129.0
2024-02,邑智,香木の森公園,邑南町,1990.0,2224.0,89.5,3290.0,3422.0,96.1
2024-02,邑智,風の国,江津市,829.0,0.0,,1456.0,1078.0,135.1
2024-02,江津,アクアス,浜田市,18505.0,14442.0,128.1,34898.0,29184.0,119.6
2024-02,浜田,きんたの里,浜田市,6317.0,5713.0,110.6,14431.0,12607.0,114.5
2024-02,浜田,はまだお魚市場,浜田市,11790.0,9068.0,130.0,20084.0,16402.0,122.4
2024-02,浜田,万葉公園,益田市,19222.0,19604.0,98.1,35680.0,36500.0,97.8
2024-02,益田,太皷谷稲成神社,津和野町,31948.0,26263.0,121.6,265150.0,239904.0,110.5
2024-02,益田,森鷗外記念館,津和野町,388.0,335.0,115.8,755.0,697.0,108.3
2024-02,益田,隠岐神社,海士町,305.0,250.0,122.0,1805.0,1645.0,109.7
2024-02,隠岐,国賀海岸,西ノ島町,0.0,0.0,,0.0,0.0,
2024-02,隠岐,フィッシャーマンズワーフ隠岐,隠岐の島町,2939.0,3151.0,93.3,5042.0,5256.0,95.9
2024-02,隠岐,合,計,270626.0,254407.0,106.4,804676.0,763628.0,105.4
2024-03,,ぐるっと松江堀川めぐり,松江市,16300.0,21348.0,76.4,33809.0,38308.0,88.3
2024-03,,松江城,松江市,35389.0,37681.0,93.9,70824.0,68865.0,102.8
2024-03,松江,由志園,松江市,13873.0,17394.0,79.8,35138.0,37725.0,93.1
2024-03,松江,八重垣神社,松江市,13189.0,15979.0,82.5,71610.0,87024.0,82.3
2024-03,松江,足立美術館,安来市,41906.0,44497.0,94.2,80903.0,76588.0,105.6
2024-03,安来,清水寺,安来市,5900.0,7400.0,79.7,46800.0,49800.0,94.0
2024-03,安来,玉峰山荘,奥出雲町,7575.0,6142.0,123.3,16087.0,15935.0,101.0
2024-03,雲南,道の駅たたらば壱番地,雲南市,21160.0,24286.0,87.1,51838.0,54099.0,95.8
2024-03,雲南,古代出雲歴史博物館,出雲市,15929.0,14529.0,109.6,37161.0,34652.0,107.2
2024-03,雲南,道の駅キララ多伎,出雲市,34488.0,34150.0,101.0,84867.0,81755.0,103.8
2024-03,出雲,島根ワイナリー,出雲市,34165.0,43768.0,78.1,94732.0,106837.0,88.7
2024-03,出雲,ゴビウス,出雲市,13257.0,13422.0,98.8,36047.0,32742.0,110.1
2024-03,出雲,三瓶自然館,大田市,3817.0,4961.0,76.9,9383.0,9494.0,98.8
2024-03,大田,龍源寺間歩,大田市,6797.0,8543.0,79.6,12926.0,14010.0,92.3
2024-03,邑智,仁摩サンドミュージアム,大田市,2880.0,2978.0,96.7,7007.0,6177.0,113.4
2024-03,邑智,香木の森公園,邑南町,3370.0,8381.0,40.2,6660.0,11803.0,56.4
2024-03,邑智,風の国,江津市,1234.0,1241.0,99.4,2690.0,2319.0,116.0
2024-03,江津,アクアス,浜田市,23463.0,25028.0,93.7,58361.0,54212.0,107.7
2024-03,浜田,きんたの里,浜田市,8359.0,6920.0,120.8,22790.0,19527.0,116.7
2024-03,浜田,はまだお魚市場,浜田市,11593.0,14494.0,80.0,31677.0,30896.0,102.5
2024-03,浜田,万葉公園,益田市,22260.0,24544.0,90.7,57940.0,61044.0,94.9
2024-03,益田,太皷谷稲成神社,津和野町,26437.0,31924.0,82.8,291587.0,271828.0,107.3
2024-03,益田,森鷗外記念館,津和野町,699.0,756.0,92.5,1454.0,1453.0,100.1
2024-03,益田,隠岐神社,海士町,585.0,680.0,86.0,2390.0,2325.0,102.8
2024-03,隠岐,国賀海岸,西ノ島町,818.0,444.0,184.2,818.0,444.0,184.2
2024-03,隠岐,フィッシャーマンズワーフ隠岐,隠岐の島町,4231.0,4320.0,97.9,9273.0,9576.0,96.8
2024-03,隠岐,合,計,369674.0,415810.0,88.9,1174772.0,1179438.0,99.6
2024-04,,ぐるっと松江堀川めぐり,松江市,18766.0,17546.0,107.0,52575.0,55854.0,94.1
2024-04,,松江城,松江市,36844.0,31020.0,118.8,107668.0,99885.0,107.8
2024-04,松江,由志園,松江市,23053.0,29006.0,79.5,58191.0,66731.0,87.2
2024-04,松江,八重垣神社,松江市,12779.0,11779.0,108.5,84389.0,98803.0,85.4
2024-04,松江,足立美術館,安来市,47881.0,37708.0,127.0,128784.0,114296.0,112.7
2024-04,安来,清水寺,安来市,7100.0,6900.0,102.9,53900.0,56700.0,95.1
2024-04,安来,玉峰山荘,奥出雲町,5057.0,5936.0,85.2,21144.0,21871.0,96.7
2024-04,雲南,道の駅たたらば壱番地,雲南市,24661.0,24082.0,102.4,76499.0,78181.0,97.8
2024-04,雲南,古代出雲歴史博物館,出雲市,16304.0,16143.0,101.0,53465.0,50795.0,105.3
2024-04,雲南,道の駅キララ多伎,出雲市,36601.0,33089.0,110.6,121468.0,114844.0,105.8
2024-04,出雲,島根ワイナリー,出雲市,32399.0,32363.0,100.1,127131.0,139200.0,91.3
2024-04,出雲,ゴビウス,出雲市,8198.0,10481.0,78.2,44245.0,43223.0,102.4
2024-04,出雲,三瓶自然館,大田市,6176.0,6081.0,101.6,15559.0,15575.0,99.9
2024-04,大田,龍源寺間歩,大田市,7406.0,6465.0,114.6,20332.0,20475.0,99.3
2024-04,邑智,仁摩サンドミュージアム,大田市,3177.0,2371.0,134.0,10184.0,8548.0,119.1
2024-04,邑智,香木の森公園,邑南町,7867.0,8721.0,90.2,14527.0,20524.0,70.8
2024-04,邑智,風の国,江津市,783.0,1811.0,43.2,3473.0,4130.0,84.1
2024-04,江津,アクアス,浜田市,30394.0,27984.0,108.6,88755.0,82196.0,108.0
2024-04,浜田,きんたの里,浜田市,6476.0,6488.0,99.8,29266.0,26015.0,112.5
2024-04,浜田,はまだお魚市場,浜田市,13460.0,14693.0,91.6,45137.0,45589.0,99.0
2024-04,浜田,万葉公園,益田市,23540.0,30096.0,78.2,81480.0,91140.0,89.4
2024-04,益田,太皷谷稲成神社,津和野町,31758.0,27689.0,114.7,323345.0,299517.0,108.0
2024-04,益田,森鷗外記念館,津和野町,699.0,685.0,102.0,2153.0,2138.0,100.7
2024-04,益田,隠岐神社,海士町,1255.0,1095.0,114.6,3645.0,3420.0,106.6
2024-04,隠岐,国賀海岸,西ノ島町,922.0,872.0,105.7,1740.0,1316.0,132.2
2024-04,隠岐,フィッシャーマンズワーフ隠岐,隠岐の島町,4364.0,4994.0,87.4,13637.0,14570.0,93.6
2024-04,隠岐,合,計,407920.0,396098.0,103.0,1582692.0,1575536.0,100.5
2024-05,,ぐるっと松江堀川めぐり,松江市,21244.0,24791.0,85.7,73819.0,80645.0,91.5
2024-05,,松江城,松江市,46179.0,45991.0,100.4,154582.0,145876.0,106.0
2024-05,松江,由志園,松江市,44583.0,45597.0,97.8,102774.0,112328.0,91.5
2024-05,松江,八重垣神社,松江市,16517.0,16341.0,101.1,100906.0,115144.0,87.6
2024-05,松江,足立美術館,安来市,65845.0,54286.0,121.3,194629.0,168582.0,115.5
2024-05,安来,清水寺,安来市,6500.0,6300.0,103.2,60400.0,63000.0,95.9
2024-05,安来,玉峰山荘,奥出雲町,5910.0,8006.0,73.8,27054.0,29877.0,90.6
2024-05,雲南,道の駅たたらば壱番地,雲南市,27020.0,27887.0,96.9,103519.0,106068.0,97.6
2024-05,雲南,古代出雲歴史博物館,出雲市,19212.0,19655.0,97.7,72677.0,70450.0,103.2
2024-05,雲南,道の駅キララ多伎,出雲市,41955.0,41277.0,101.6,163423.0,156121.0,104.7
2024-05,出雲,島根ワイナリー,出雲市,38758.0,49318.0,78.6,165889.0,188518.0,88.0
2024-05,出雲,ゴビウス,出雲市,11156.0,15506.0,71.9,55401.0,58729.0,94.3
2024-05,出雲,三瓶自然館,大田市,11768.0,12592.0,93.5,27327.0,28167.0,97.0
2024-05,大田,龍源寺間歩,大田市,11638.0,12039.0,96.7,31970.0,32514.0,98.3
2024-05,邑智,仁摩サンドミュージアム,大田市,4858.0,5126.0,94.8,15042.0,13674.0,110.0
2024-05,邑智,香木の森公園,邑南町,13152.0,14055.0,93.6,27679.0,34579.0,80.0
2024-05,邑智,風の国,江津市,1020.0,1882.0,54.2,4493.0,6012.0,74.7
2024-05,江津,アクアス,浜田市,43817.0,53808.0,81.4,132572.0,136004.0,97.5
2024-05,浜田,きんたの里,浜田市,7720.0,8903.0,86.7,36986.0,34918.0,105.9
2024-05,浜田,はまだお魚市場,浜田市,18538.0,20579.0,90.1,63675.0,66168.0,96.2
2024-05,浜田,万葉公園,益田市,22400.0,22476.0,99.7,103880.0,113616.0,91.4
2024-05,益田,太皷谷稲成神社,津和野町,41241.0,43536.0,94.7,364586.0,343053.0,106.3
2024-05,益田,森鷗外記念館,津和野町,1184.0,1173.0,100.9,3337.0,3311.0,100.8
2024-05,益田,隠岐神社,海士町,2195.0,2500.0,87.8,5840.0,5920.0,98.6
2024-05,隠岐,国賀海岸,西ノ島町,2895.0,3320.0,87.2,4635.0,4636.0,100.0
2024-05,隠岐,フィッシャーマンズワーフ隠岐,隠岐の島町,6618.0,7778.0,85.1,20255.0,22348.0,90.6
2024-05,隠岐,合,計,533923.0,564722.0,94.5,2117350.0,2140258.0,98.9
2024-06,,ぐるっと松江堀川めぐり,松江市,14604.0,16736.0,87.3,88423.0,97381.0,90.8
2024-06,,松江城,松江市,27342.0,28372.0,96.4,183096.0,174248.0,105.1
2024-06,松江,由志園,松江市,12770.0,17108.0,74.6,115544.0,129436.0,89.3
2024-06,松江,八重垣神社,松江市,12235.0,11583.0,105.6,113141.0,126727.0,89.3
2024-06,松江,足立美術館,安来市,40858.0,44642.0,91.5,235487.0,213224.0,110.4
2024-06,安来,清水寺,安来市,4700.0,4900.0,95.9,65100.0,67900.0,95.9
2024-06,安来,玉峰山荘,奥出雲町,4766.0,4982.0,95.7,31820.0,34859.0,91.3
2024-06,雲南,道の駅たたらば壱番地,雲南市,20070.0,20255.0,99.1,123589.0,126323.0,97.8
2024-06,雲南,古代出雲歴史博物館,出雲市,11736.0,12624.0,93.0,84413.0,83074.0,101.6
2024-06,雲南,道の駅キララ多伎,出雲市,32017.0,30242.0,105.9,195440.0,186363.0,104.9
2024-06,出雲,島根ワイナリー,出雲市,26842.0,32100.0,83.6,192731.0,220618.0,87.4
2024-06,出雲,ゴビウス,出雲市,8933.0,7693.0,116.1,64334.0,66422.0,96.9
2024-06,出雲,三瓶自然館,大田市,5550.0,5268.0,105.4,32877.0,33435.0,98.3
2024-06,大田,龍源寺間歩,大田市,5231.0,5497.0,95.2,37201.0,38011.0,97.9
2024-06,邑智,仁摩サンドミュージアム,大田市,2614.0,1968.0,132.8,17656.0,15642.0,112.9
2024-06,邑智,香木の森公園,邑南町,7640.0,8701.0,87.8,35319.0,43503.0,81.2
2024-06,邑智,風の国,江津市,1117.0,1282.0,87.1,5610.0,7294.0,76.9
2024-06,江津,アクアス,浜田市,20713.0,16456.0,125.9,153285.0,152460.0,100.5
2024-06,浜田,きんたの里,浜田市,5414.0,5594.0,96.8,42400.0,40512.0,104.7
2024-06,浜田,はまだお魚市場,浜田市,12766.0,12200.0,104.6,76441.0,78368.0,97.5
2024-06,浜田,万葉公園,益田市,17632.0,18732.0,94.1,121512.0,132348.0,91.8
2024-06,益田,太皷谷稲成神社,津和野町,26002.0,24755.0,105.0,390588.0,367808.0,106.2
2024-06,益田,森鷗外記念館,津和野町,503.0,606.0,83.0,3840.0,3917.0,98.0
2024-06,益田,隠岐神社,海士町,1410.0,1245.0,113.3,7250.0,7165.0,101.2
2024-06,隠岐,国賀海岸,西ノ島町,2141.0,1814.0,118.0,6776.0,6450.0,105.1
2024-06,隠岐,フィッシャーマンズワーフ隠岐,隠岐の島町,5430.0,6273.0,86.6,25685.0,28621.0,89.7
2024-06,隠岐,合,計,331036.0,341628.0,96.9,2449558.0,2482109.0,98.7
2024-07,,ぐるっと松江堀川めぐり,松江市,12539.0,12337.0,101.6,100962.0,109718.0,92.0
2024-07,,松江城,松江市,25245.0,22179.0,113.8,208758.0,196427.0,106.3
2024-07,松江,由志園,松江市,8162.0,11301.0,72.2,123706.0,140737.0,87.9
2024-07,松江,八重垣神社,松江市,10949.0,9936.0,110.2,124090.0,136663.0,90.8
2024-07,松江,足立美術館,安来市,30694.0,25740.0,119.2,266181.0,238964.0,111.4
2024-07,安来,清水寺,安来市,3800.0,3300.0,115.2,68900.0,71200.0,96.8
2024-07,安来,玉峰山荘,奥出雲町,4584.0,4754.0,96.4,36404.0,39613.0,91.9
2024-07,雲南,道の駅たたらば壱番地,雲南市,20171.0,20855.0,96.7,143760.0,147178.0,97.7
2024-07,雲南,古代出雲歴史博物館,出雲市,13888.0,11509.0,120.7,98301.0,94583.0,103.9
2024-07,雲南,道の駅キララ多伎,出雲市,35412.0,34409.0,102.9,230852.0,220772.0,104.6
2024-07,出雲,島根ワイナリー,出雲市,26857.0,27139.0,99.0,219588.0,247757.0,88.6
2024-07,出雲,ゴビウス,出雲市,13549.0,13112.0,103.3,77883.0,79534.0,97.9
2024-07,出雲,三瓶自然館,大田市,8121.0,12313.0,66.0,40998.0,45748.0,89.6
2024-07,大田,龍源寺間歩,大田市,5595.0,5553.0,100.8,42796.0,43564.0,98.2
2024-07,邑智,仁摩サンドミュージアム,大田市,3074.0,2695.0,114.1,20730.0,18337.0,113.1
2024-07,邑智,香木の森公園,邑南町,6327.0,7781.0,81.3,41646.0,51284.0,81.2
2024-07,邑智,風の国,江津市,698.0,1750.0,39.9,6308.0,9044.0,69.7
2024-07,江津,アクアス,浜田市,33051.0,32072.0,103.1,186336.0,184532.0,101.0
2024-07,浜田,きんたの里,浜田市,6108.0,7008.0,87.2,48508.0,47520.0,102.1
2024-07,浜田,はまだお魚市場,浜田市,14151.0,14920.0,94.8,90592.0,93288.0,97.1
2024-07,浜田,万葉公園,益田市,17984.0,15950.0,112.8,139496.0,148298.0,94.1
2024-07,益田,太皷谷稲成神社,津和野町,20915.0,21436.0,97.6,411503.0,389244.0,105.7
2024-07,益田,森鷗外記念館,津和野町,388.0,623.0,62.3,4228.0,4540.0,93.1
2024-07,益田,隠岐神社,海士町,1145.0,1285.0,89.1,8395.0,8450.0,99.3
2024-07,隠岐,国賀海岸,西ノ島町,1623.0,1537.0,105.6,8399.0,7987.0,105.2
2024-07,隠岐,フィッシャーマンズワーフ隠岐,隠岐の島町,5212.0,6240.0,83.5,30897.0,34861.0,88.6
2024-07,隠岐,合,計,330242.0,327734.0,100.8,2780217.0,2809843.0,98.9
2024-08,,ぐるっと松江堀川めぐり,松江市,19196.0,19920.0,96.4,120158.0,129638.0,92.7
2024-08,,松江城,松江市,41571.0,37702.0,110.3,250774.0,234129.0,107.1
2024-08,松江,由志園,松江市,11598.0,11777.0,98.5,135304.0,152514.0,88.7
2024-08,松江,八重垣神社,松江市,16127.0,14412.0,111.9,140217.0,151075.0,92.8
2024-08,松江,足立美術館,安来市,40377.0,33089.0,122.0,306558.0,272053.0,112.7
2024-08,安来,清水寺,安来市,4000.0,3500.0,114.3,72900.0,74700.0,97.6
2024-08,安来,玉峰山荘,奥出雲町,6907.0,7794.0,88.6,43311.0,47407.0,91.4
2024-08,雲南,道の駅たたらば壱番地,雲南市,28750.0,28678.0,100.3,172510.0,175856.0,98.1
2024-08,雲南,古代出雲歴史博物館,出雲市,22239.0,18406.0,120.8,120540.0,112989.0,106.7
2024-08,雲南,道の駅キララ多伎,出雲市,50813.0,46175.0,110.0,281665.0,266947.0,105.5
2024-08,出雲,島根ワイナリー,出雲市,51852.0,51194.0,101.3,271440.0,298951.0,90.8
2024-08,出雲,ゴビウス,出雲市,23068.0,20943.0,110.1,100951.0,100477.0,100.5
2024-08,出雲,三瓶自然館,大田市,18467.0,21651.0,85.3,59465.0,67399.0,88.2
2024-08,大田,龍源寺間歩,大田市,13846.0,11207.0,123.5,56642.0,54771.0,103.4
2024-08,邑智,仁摩サンドミュージアム,大田市,8101.0,6093.0,133.0,28831.0,24430.0,118.0
2024-08,邑智,香木の森公園,邑南町,6158.0,6245.0,98.6,47804.0,57529.0,83.1
2024-08,邑智,風の国,江津市,1133.0,3474.0,32.6,7441.0,12518.0,59.4
2024-08,江津,アクアス,浜田市,78805.0,71966.0,109.5,265141.0,256498.0,103.4
2024-08,浜田,きんたの里,浜田市,9819.0,9716.0,101.1,58327.0,57236.0,101.9
2024-08,浜田,はまだお魚市場,浜田市,25179.0,24321.0,103.5,115771.0,117609.0,98.4
2024-08,浜田,万葉公園,益田市,15604.0,15884.0,98.2,155100.0,164182.0,94.5
2024-08,益田,太皷谷稲成神社,津和野町,32045.0,28379.0,112.9,443548.0,417623.0,106.2
2024-08,益田,森鷗外記念館,津和野町,845.0,818.0,103.3,5073.0,5358.0,94.7
2024-08,益田,隠岐神社,海士町,1450.0,1415.0,102.5,9845.0,9865.0,99.8
2024-08,隠岐,国賀海岸,西ノ島町,1514.0,1634.0,92.7,9913.0,9621.0,103.0
2024-08,隠岐,フィッシャーマンズワーフ隠岐,隠岐の島町,8913.0,8783.0,101.5,39810.0,43644.0,91.2
2024-08,隠岐,合,計,538377.0,505176.0,106.6,3319039.0,3315019.0,100.1
2024-09,,ぐるっと松江堀川めぐり,松江市,16663.0,16833.0,99.0,136821.0,146471.0,93.4
2024-09,,松江城,松江市,35323.0,32621.0,108.3,287080.0,266750.0,107.6
2024-09,松江,由志園,松江市,12687.0,14903.0,85.1,147991.0,167417.0,88.4
2024-09,松江,八重垣神社,松江市,15537.0,13349.0,116.4,155754.0,164424.0,94.7
2024-09,松江,足立美術館,安来市,45774.0,41879.0,109.3,352332.0,313932.0,112.2
2024-09,安来,清水寺,安来市,4900.0,4500.0,108.9,77800.0,79200.0,98.2
2024-09,安来,玉峰山荘,奥出雲町,4695.0,6467.0,72.6,48006.0,53874.0,89.1
2024-09,雲南,道の駅たたらば壱番地,雲南市,23775.0,22164.0,107.3,196285.0,198020.0,99.1
2024-09,雲南,古代出雲歴史博物館,出雲市,17250.0,13052.0,132.2,137790.0,126041.0,109.3
2024-09,雲南,道の駅キララ多伎,出雲市,44584.0,39579.0,112.6,326249.0,306526.0,106.4
2024-09,出雲,島根ワイナリー,出雲市,37936.0,36357.0,104.3,309376.0,335308.0,92.3
2024-09,出雲,ゴビウス,出雲市,12943.0,11243.0,115.1,113894.0,111720.0,101.9
2024-09,出雲,三瓶自然館,大田市,10865.0,14906.0,72.9,70330.0,82305.0,85.5
2024-09,大田,龍源寺間歩,大田市,9265.0,7065.0,131.1,65907.0,61836.0,106.6
2024-09,邑智,仁摩サンドミュージアム,大田市,3735.0,2649.0,141.0,32566.0,27079.0,120.3
2024-09,邑智,香木の森公園,邑南町,5393.0,6885.0,78.3,53197.0,64414.0,82.6
2024-09,邑智,風の国,江津市,537.0,1446.0,37.1,7978.0,13964.0,57.1
2024-09,江津,アクアス,浜田市,40370.0,29353.0,137.5,305511.0,285851.0,106.9
2024-09,浜田,きんたの里,浜田市,6637.0,6053.0,109.6,64964.0,63289.0,102.6
2024-09,浜田,はまだお魚市場,浜田市,14772.0,18401.0,80.3,130543.0,136010.0,96.0
2024-09,浜田,万葉公園,益田市,22884.0,17800.0,128.6,177984.0,181982.0,97.8
2024-09,益田,太皷谷稲成神社,津和野町,30848.0,28268.0,109.1,474396.0,445891.0,106.4
2024-09,益田,森鷗外記念館,津和野町,746.0,698.0,106.9,5819.0,6056.0,96.1
2024-09,益田,隠岐神社,海士町,1675.0,1190.0,140.8,11520.0,11055.0,104.2
2024-09,隠岐,国賀海岸,西ノ島町,3199.0,1956.0,163.5,13112.0,11577.0,113.3
2024-09,隠岐,フィッシャーマンズワーフ隠岐,隠岐の島町,1694.0,5756.0,29.4,41504.0,49400.0,84.0
2024-09,隠岐,合,計,424687.0,395373.0,107.4,3744709.0,3710392.0,100.9
2024-10,,ぐるっと松江堀川めぐり,松江市,21802.0,22849.0,95.4,158623.0,169320.0,93.7
2024-10,,松江城,松江市,43512.0,41871.0,103.9,331181.0,308621.0,107.3
2024-10,松江,由志園,松江市,20894.0,27795.0,75.2,168885.0,195212.0,86.5
2024-10,松江,八重垣神社,松江市,17633.0,19589.0,90.0,173387.0,184013.0,94.2
2024-10,松江,足立美術館,安来市,65443.0,50507.0,129.6,417775.0,364439.0,114.6
2024-10,安来,清水寺,安来市,5800.0,6300.0,92.1,83600.0,85500.0,97.8
2024-10,安来,玉峰山荘,奥出雲町,5602.0,6885.0,81.4,53608.0,60759.0,88.2
2024-10,雲南,道の駅たたらば壱番地,雲南市,25367.0,27399.0,92.6,221652.0,225419.0,98.3
2024-10,雲南,古代出雲歴史博物館,出雲市,19594.0,16714.0,117.2,157384.0,142755.0,110.2
2024-10,雲南,道の駅キララ多伎,出雲市,39379.0,40767.0,96.6,365628.0,347293.0,105.3
2024-10,出雲,島根ワイナリー,出雲市,45880.0,45453.0,100.9,355256.0,380761.0,93.3
2024-10,出雲,ゴビウス,出雲市,11768.0,11728.0,100.3,125662.0,123448.0,101.8
2024-10,出雲,三瓶自然館,大田市,8338.0,9400.0,88.7,78668.0,91705.0,85.8
2024-10,大田,龍源寺間歩,大田市,9011.0,8204.0,109.8,74918.0,70040.0,107.0
2024-10,邑智,仁摩サンドミュージアム,大田市,3315.0,2701.0,122.7,35881.0,29780.0,120.5
2024-10,邑智,香木の森公園,邑南町,5367.0,10567.0,50.8,58564.0,74981.0,78.1
2024-10,邑智,風の国,江津市,605.0,1837.0,32.9,8583.0,15801.0,54.3
2024-10,江津,アクアス,浜田市,24527.0,24972.0,98.2,330038.0,310823.0,106.2
2024-10,浜田,きんたの里,浜田市,5928.0,6694.0,88.6,70892.0,69983.0,101.3
2024-10,浜田,はまだお魚市場,浜田市,12781.0,14582.0,87.6,143324.0,150592.0,95.2
2024-10,浜田,万葉公園,益田市,30057.0,28504.0,105.4,208041.0,210486.0,98.8
2024-10,益田,太皷谷稲成神社,津和野町,33316.0,35858.0,92.9,507712.0,481749.0,105.4
2024-10,益田,森鷗外記念館,津和野町,1017.0,810.0,125.6,6836.0,6866.0,99.6
2024-10,益田,隠岐神社,海士町,3015.0,1575.0,191.4,14535.0,12630.0,115.1
2024-10,隠岐,国賀海岸,西ノ島町,2574.0,3093.0,83.2,15686.0,14670.0,106.9
2024-10,隠岐,フィッシャーマンズワーフ隠岐,隠岐の島町,2060.0,7276.0,28.3,43564.0,56676.0,76.9
2024-10,隠岐,合,計,464585.0,473930.0,98.0,4209883.0,4184322.0,100.6
2024-11,,ぐるっと松江堀川めぐり,松江市,19879.0,20528.0,96.8,178502.0,189848.0,94.0
2024-11,,松江城,松江市,44692.0,41614.0,107.4,376500.0,350235.0,107.5
2024-11,松江,由志園,松江市,34092.0,34088.0,100.0,202977.0,229300.0,88.5
2024-11,松江,八重垣神社,松江市,25329.0,24857.0,101.9,198716.0,208870.0,95.1
2024-11,松江,足立美術館,安来市,90973.0,69100.0,131.7,508748.0,433539.0,117.3
2024-11,安来,清水寺,安来市,11800.0,11000.0,107.3,95400.0,96500.0,98.9
2024-11,安来,玉峰山荘,奥出雲町,7441.0,8725.0,85.3,61049.0,69484.0,87.9
2024-11,雲南,道の駅たたらば壱番地,雲南市,29076.0,29711.0,97.9,250728.0,255130.0,98.3
2024-11,雲南,古代出雲歴史博物館,出雲市,25181.0,22858.0,110.2,182565.0,165613.0,110.2
2024-11,雲南,道の駅キララ多伎,出雲市,38409.0,35434.0,108.4,404037.0,382727.0,105.6
2024-11,出雲,島根ワイナリー,出雲市,54081.0,49793.0,108.6,409337.0,430554.0,95.1
2024-11,出雲,ゴビウス,出雲市,8545.0,9449.0,90.4,134207.0,132897.0,101.0
2024-11,出雲,三瓶自然館,大田市,8122.0,8768.0,92.6,86790.0,100473.0,86.4
2024-11,大田,龍源寺間歩,大田市,8999.0,8577.0,104.9,83917.0,78617.0,106.7
2024-11,邑智,仁摩サンドミュージアム,大田市,3715.0,2945.0,126.1,39596.0,32725.0,121.0
2024-11,邑智,香木の森公園,邑南町,4400.0,6532.0,67.4,62964.0,81513.0,77.2
2024-11,邑智,風の国,江津市,914.0,1269.0,72.0,9497.0,17070.0,55.6
2024-11,江津,アクアス,浜田市,22768.0,19379.0,117.5,352806.0,330202.0,106.8
2024-11,浜田,きんたの里,浜田市,5965.0,6425.0,92.8,76858.0,76408.0,100.6
2024-11,浜田,はまだお魚市場,浜田市,14713.0,15893.0,92.6,158037.0,166485.0,94.9
2024-11,浜田,万葉公園,益田市,22350.0,21478.0,104.1,230391.0,231964.0,99.3
2024-11,益田,太皷谷稲成神社,津和野町,38953.0,39476.0,98.7,546665.0,521225.0,104.9
2024-11,益田,森鷗外記念館,津和野町,1217.0,1144.0,106.4,8053.0,8010.0,100.5
2024-11,益田,隠岐神社,海士町,1105.0,1200.0,92.1,15640.0,13830.0,113.1
2024-11,隠岐,国賀海岸,西ノ島町,405.0,473.0,85.6,16091.0,15143.0,106.3
2024-11,隠岐,フィッシャーマンズワーフ隠岐,隠岐の島町,1456.0,5203.0,28.0,45020.0,61879.0,72.8
2024-11,隠岐,合,計,524580.0,495919.0,105.8,4735091.0,4680241.0,101.2
2024-12,,ぐるっと松江堀川めぐり,松江市,11705.0,11072.0,105.7,190207.0,200920.0,94.7
2024-12,,松江城,松江市,23699.0,23002.0,103.0,400998.0,373237.0,107.4
2024-12,松江,由志園,松江市,20208.0,24287.0,83.2,223185.0,253587.0,88.0
2024-12,松江,八重垣神社,松江市,10839.0,10966.0,98.8,209555.0,219836.0,95.3
2024-12,松江,足立美術館,安来市,37835.0,31334.0,120.7,546583.0,464873.0,117.6
2024-12,安来,清水寺,安来市,6100.0,5400.0,113.0,101500.0,101900.0,99.6
2024-12,安来,玉峰山荘,奥出雲町,5074.0,5980.0,84.8,66123.0,75464.0,87.6
2024-12,雲南,道の駅たたらば壱番地,雲南市,16464.0,17680.0,93.1,267192.0,272810.0,97.9
2024-12,雲南,古代出雲歴史博物館,出雲市,12126.0,10914.0,111.1,194691.0,176527.0,110.3
2024-12,雲南,道の駅キララ多伎,出雲市,25360.0,23255.0,109.1,429397.0,405982.0,105.8
2024-12,出雲,島根ワイナリー,出雲市,29401.0,27406.0,107.3,438738.0,457960.0,95.8
2024-12,出雲,ゴビウス,出雲市,5546.0,5767.0,96.2,139753.0,138664.0,100.8
2024-12,出雲,三瓶自然館,大田市,1491.0,1505.0,99.1,88281.0,101978.0,86.6
2024-12,大田,龍源寺間歩,大田市,4122.0,3975.0,103.7,88039.0,82592.0,106.6
2024-12,邑智,仁摩サンドミュージアム,大田市,1440.0,1266.0,113.7,41036.0,33991.0,120.7
2024-12,邑智,香木の森公園,邑南町,3412.0,3259.0,104.7,66376.0,84772.0,78.3
2024-12,邑智,風の国,江津市,417.0,712.0,58.6,9914.0,17782.0,55.8
2024-12,江津,アクアス,浜田市,14189.0,13266.0,107.0,366995.0,343468.0,106.8
2024-12,浜田,きんたの里,浜田市,6026.0,6262.0,96.2,82884.0,82670.0,100.3
2024-12,浜田,はまだお魚市場,浜田市,11344.0,11130.0,101.9,169381.0,177615.0,95.4
2024-12,浜田,万葉公園,益田市,15686.0,16340.0,96.0,246077.0,248304.0,99.1
2024-12,益田,太皷谷稲成神社,津和野町,22623.0,22893.0,98.8,569288.0,544118.0,104.6
2024-12,益田,森鷗外記念館,津和野町,328.0,300.0,109.3,8381.0,8310.0,100.9
2024-12,益田,隠岐神社,海士町,315.0,205.0,153.7,15955.0,14035.0,113.7
2024-12,隠岐,国賀海岸,西ノ島町,0.0,0.0,0.0,16091.0,15143.0,106.3
2024-12,隠岐,フィッシャーマンズワーフ隠岐,隠岐の島町,645.0,2846.0,22.7,45665.0,64725.0,70.6
2024-12,隠岐,合,計,286395.0,281022.0,101.9,5022285.0,4961263.0,101.2
2025-01,,ぐるっと松江堀川めぐり,松江市,8582.0,7801.0,110.0,8582.0,7801.0,110.0
2025-01,,松江城,松江市,16095.0,15738.0,102.3,16095.0,15738.0,102.3
2025-01,松江,由志園,松江市,14158.0,12445.0,113.8,14158.0,12445.0,113.8
2025-01,松江,八重垣神社,松江市,50466.0,45851.0,110.1,50466.0,45851.0,110.1
2025-01,松江,足立美術館,安来市,22081.0,16294.0,135.5,22081.0,16294.0,135.5
2025-01,安来,清水寺,安来市,39000.0,33000.0,118.2,39000.0,33000.0,118.2
2025-01,安来,玉峰山荘,奥出雲町,6229.0,6587.0,94.6,6229.0,6587.0,94.6
2025-01,雲南,道の駅たたらば壱番地,雲南市,16464.0,16010.0,102.8,16464.0,16010.0,102.8
2025-01,雲南,古代出雲歴史博物館,出雲市,14021.0,12160.0,115.3,14021.0,12160.0,115.3
2025-01,雲南,道の駅キララ多伎,出雲市,27396.0,25043.0,109.4,27396.0,25043.0,109.4
2025-01,出雲,島根ワイナリー,出雲市,39153.0,35710.0,109.6,39153.0,35710.0,109.6
2025-01,出雲,ゴビウス,出雲市,10773.0,12536.0,85.9,10773.0,12536.0,85.9
2025-01,出雲,三瓶自然館,大田市,3367.0,2664.0,126.4,3367.0,2664.0,126.4
2025-01,大田,龍源寺間歩,大田市,3047.0,2414.0,126.2,3047.0,2414.0,126.2
2025-01,邑智,仁摩サンドミュージアム,大田市,1855.0,1439.0,128.9,1855.0,1439.0,128.9
2025-01,邑智,香木の森公園,邑南町,774.0,1300.0,59.5,774.0,1300.0,59.5
2025-01,邑智,風の国,江津市,500.0,627.0,79.7,500.0,627.0,79.7
2025-01,江津,アクアス,浜田市,15581.0,16393.0,95.0,15581.0,16393.0,95.0
2025-01,浜田,きんたの里,浜田市,7026.0,8114.0,86.6,7026.0,8114.0,86.6
2025-01,浜田,はまだお魚市場,浜田市,8756.0,8294.0,105.6,8756.0,8294.0,105.6
2025-01,浜田,万葉公園,益田市,17776.0,16458.0,108.0,17776.0,16458.0,108.0
2025-01,益田,太皷谷稲成神社,津和野町,238672.0,233202.0,102.3,238672.0,233202.0,102.3
2025-01,益田,森鷗外記念館,津和野町,332.0,367.0,90.5,332.0,367.0,90.5
2025-01,益田,隠岐神社,海士町,1500.0,1500.0,100.0,1500.0,1500.0,100.0
2025-01,隠岐,国賀海岸,西ノ島町,0.0,0.0,-,0.0,0.0,-
2025-01,隠岐,合,計,563604.0,531947.0,106.0,563604.0,531947.0,106.0
2025-02,,ぐるっと松江堀川めぐり,松江市,6865.0,9708.0,70.7,15447.0,17509.0,88.2
2025-02,,松江城,松江市,15014.0,19697.0,76.2,31499.0,35435.0,88.9
2025-02,松江,由志園,松江市,5705.0,8820.0,64.7,19863.0,21265.0,93.4
2025-02,松江,八重垣神社,松江市,9029.0,12570.0,71.8,59495.0,58421.0,101.8
2025-02,松江,足立美術館,安来市,19411.0,22703.0,85.5,41492.0,38997.0,106.4
2025-02,安来,清水寺,安来市,4600.0,7900.0,58.2,43600.0,40900.0,106.6
2025-02,安来,玉峰山荘,奥出雲町,2905.0,1925.0,150.9,9134.0,8512.0,107.3
2025-02,雲南,道の駅たたらば壱番地,雲南市,9921.0,14668.0,67.6,26385.0,30678.0,86.0
2025-02,雲南,古代出雲歴史博物館,出雲市,8654.0,9072.0,95.4,22675.0,21232.0,106.8
2025-02,雲南,道の駅キララ多伎,出雲市,21475.0,25336.0,84.8,48871.0,50379.0,97.0
2025-02,出雲,島根ワイナリー,出雲市,17825.0,24857.0,71.7,56978.0,60567.0,94.1
2025-02,出雲,ゴビウス,出雲市,6523.0,10254.0,63.6,17296.0,22790.0,75.9
2025-02,出雲,三瓶自然館,大田市,1837.0,2902.0,63.3,5204.0,5566.0,93.5
2025-02,大田,龍源寺間歩,大田市,2272.0,3715.0,61.2,5319.0,6129.0,86.8
2025-02,邑智,仁摩サンドミュージアム,大田市,1341.0,2688.0,49.9,3196.0,4127.0,77.4
2025-02,邑智,香木の森公園,邑南町,554.0,1990.0,27.8,1328.0,3290.0,40.4
2025-02,邑智,風の国,江津市,567.0,829.0,68.4,1067.0,1456.0,73.3
2025-02,江津,アクアス,浜田市,10572.0,18505.0,57.1,26153.0,34898.0,74.9
2025-02,浜田,きんたの里,浜田市,5142.0,6317.0,81.4,12168.0,14431.0,84.3
2025-02,浜田,はまだお魚市場,浜田市,6656.0,11790.0,56.5,15412.0,20084.0,76.7
2025-02,浜田,万葉公園,益田市,18865.0,19222.0,98.1,36641.0,35680.0,102.7
2025-02,益田,太皷谷稲成神社,津和野町,17839.0,31948.0,55.8,256511.0,265150.0,96.7
2025-02,益田,森鷗外記念館,津和野町,188.0,388.0,48.5,520.0,755.0,68.9
2025-02,益田,隠岐神社,海士町,150.0,305.0,49.2,1650.0,1805.0,91.4
2025-02,隠岐,国賀海岸,西ノ島町,0.0,0.0,,0.0,0.0,
2025-02,隠岐,合,計,193910.0,268109.0,72.3,757904.0,800056.0,94.7
2025-03,,ぐるっと松江堀川めぐり,松江市,15781.0,16300.0,96.8,31228.0,33809.0,92.4
2025-03,,松江城,松江市,36227.0,35389.0,102.4,68010.0,70824.0,96.0
2025-03,松江,由志園,松江市,14194.0,13873.0,102.3,34057.0,35138.0,96.9
2025-03,松江,八重垣神社,松江市,15340.0,13189.0,116.3,74835.0,71610.0,104.5
2025-03,松江,足立美術館,安来市,48621.0,41906.0,116.0,90113.0,80903.0,111.4
2025-03,安来,清水寺,安来市,6300.0,5900.0,106.8,49900.0,46800.0,106.6
2025-03,安来,玉峰山荘,奥出雲町,6217.0,7575.0,82.1,15351.0,16087.0,95.4
2025-03,雲南,道の駅たたらば壱番地,雲南市,20898.0,21160.0,98.8,47283.0,51838.0,91.2
2025-03,雲南,古代出雲歴史博物館,出雲市,19925.0,15929.0,125.1,42600.0,37161.0,114.6
2025-03,雲南,道の駅キララ多伎,出雲市,33562.0,34488.0,97.3,82433.0,84867.0,97.1
2025-03,出雲,島根ワイナリー,出雲市,38784.0,34165.0,113.5,95762.0,94732.0,101.1
2025-03,出雲,ゴビウス,出雲市,14118.0,13257.0,106.5,31414.0,36047.0,87.1
2025-03,出雲,三瓶自然館,大田市,4688.0,3817.0,122.8,9892.0,9383.0,105.4
2025-03,大田,龍源寺間歩,大田市,8066.0,6797.0,118.7,13385.0,12926.0,103.6
2025-03,邑智,仁摩サンドミュージアム,大田市,3215.0,2880.0,111.6,6411.0,7007.0,91.5
2025-03,邑智,香木の森公園,邑南町,878.0,3370.0,26.1,2206.0,6660.0,33.1
2025-03,邑智,風の国,江津市,1062.0,1234.0,86.1,2129.0,2690.0,79.1
2025-03,江津,アクアス,浜田市,27488.0,23463.0,117.2,53641.0,58361.0,91.9
2025-03,浜田,きんたの里,浜田市,7347.0,8359.0,87.9,19515.0,22790.0,85.6
2025-03,浜田,はまだお魚市場,浜田市,13029.0,11593.0,112.4,28441.0,31677.0,89.8
2025-03,浜田,万葉公園,益田市,23228.0,22260.0,104.3,59869.0,57940.0,103.3
2025-03,益田,太皷谷稲成神社,津和野町,32308.0,26437.0,122.2,288819.0,291587.0,99.1
2025-03,益田,森鷗外記念館,津和野町,655.0,699.0,93.7,1175.0,1454.0,80.8
2025-03,益田,隠岐神社,海士町,415.0,585.0,70.9,2065.0,2390.0,86.4
2025-03,隠岐,国賀海岸,西ノ島町,211.0,818.0,25.8,211.0,818.0,25.8
2025-03,隠岐,合,計,392557.0,365443.0,107.4,1150745.0,1165499.0,98.7
2025-04,,ぐるっと松江堀川めぐり,松江市,18601.0,18766.0,99.1,49829.0,52575.0,94.8
2025-04,,松江城,松江市,36398.0,37579.0,96.9,104408.0,108403.0,96.3
2025-04,松江,由志園,松江市,27726.0,23053.0,120.3,61783.0,58191.0,106.2
2025-04,松江,八重垣神社,松江市,13464.0,12779.0,105.4,88299.0,84389.0,104.6
2025-04,松江,足立美術館,安来市,52217.0,47881.0,109.1,142330.0,128784.0,110.5
2025-04,安来,清水寺,安来市,7500.0,7100.0,105.6,57400.0,53900.0,106.5
2025-04,安来,玉峰山荘,奥出雲町,5608.0,5057.0,110.9,20959.0,21144.0,99.1
2025-04,雲南,道の駅たたらば壱番地,雲南市,23406.0,24661.0,94.9,70689.0,76499.0,92.4
2025-04,雲南,古代出雲歴史博物館,出雲市,,16304.0,,42600.0,53465.0,79.7
2025-04,雲南,道の駅キララ多伎,出雲市,33358.0,36601.0,91.1,115791.0,121468.0,95.3
2025-04,出雲,島根ワイナリー,出雲市,29996.0,32399.0,92.6,125758.0,127131.0,98.9
2025-04,出雲,ゴビウス,出雲市,7852.0,8198.0,95.8,39266.0,44245.0,88.7
2025-04,出雲,三瓶自然館,大田市,6371.0,6176.0,103.2,16263.0,15559.0,104.5
2025-04,大田,龍源寺間歩,大田市,7818.0,7406.0,105.6,21203.0,20332.0,104.3
2025-04,邑智,仁摩サンドミュージアム,大田市,2631.0,3177.0,82.8,9042.0,10184.0,88.8
2025-04,邑智,香木の森公園,邑南町,2112.0,7867.0,26.8,4318.0,14527.0,29.7
2025-04,邑智,風の国,江津市,1093.0,783.0,139.6,3222.0,3473.0,92.8
2025-04,江津,アクアス,浜田市,30534.0,30394.0,100.5,84175.0,88755.0,94.8
2025-04,浜田,きんたの里,浜田市,5840.0,6476.0,90.2,25355.0,29266.0,86.6
2025-04,浜田,はまだお魚市場,浜田市,12976.0,13460.0,96.4,41417.0,45137.0,91.8
2025-04,浜田,万葉公園,益田市,25320.0,23540.0,107.6,85189.0,81480.0,104.6
2025-04,益田,太皷谷稲成神社,津和野町,31735.0,31758.0,99.9,320554.0,323345.0,99.1
2025-04,益田,森鷗外記念館,津和野町,715.0,699.0,102.3,1890.0,2153.0,87.8
2025-04,益田,隠岐神社,海士町,1555.0,1255.0,123.9,3620.0,3645.0,99.3
2025-04,隠岐,国賀海岸,西ノ島町,1200.0,922.0,130.2,1411.0,1740.0,81.1
2025-04,隠岐,フィッシャーマンズワーフ隠岐,隠岐の島町,3317.0,4364.0,76.0,11097.0,13637.0,81.4
2025-04,隠岐,合,計,389343.0,408655.0,95.3,1547868.0,1583427.0,97.8
2025-05,,ぐるっと松江堀川めぐり,松江市,20991.0,21244.0,98.8,70820.0,73819.0,95.9
2025-05,,松江城,松江市,45378.0,47351.0,95.8,150548.0,155754.0,96.7
2025-05,松江,由志園,松江市,41489.0,44583.0,93.1,103272.0,102774.0,100.5
2025-05,松江,八重垣神社,松江市,16577.0,16517.0,100.4,104876.0,100906.0,103.9
2025-05,松江,足立美術館,安来市,65759.0,65845.0,99.9,208089.0,194629.0,106.9
2025-05,安来,清水寺,安来市,6300.0,6500.0,96.9,63700.0,60400.0,105.5
2025-05,安来,玉峰山荘,奥出雲町,6962.0,5910.0,117.8,27921.0,27054.0,103.2
2025-05,雲南,道の駅たたらば壱番地,雲南市,26195.0,27020.0,96.9,96884.0,103519.0,93.6
2025-05,雲南,古代出雲歴史博物館,出雲市,,19212.0,,42600.0,72677.0,58.6
2025-05,雲南,道の駅キララ多伎,出雲市,40163.0,41955.0,95.7,155954.0,163423.0,95.4
2025-05,出雲,島根ワイナリー,出雲市,40641.0,38758.0,104.9,166399.0,165889.0,100.3
2025-05,出雲,ゴビウス,出雲市,14301.0,11156.0,128.2,53567.0,55401.0,96.7
2025-05,出雲,三瓶自然館,大田市,10801.0,11768.0,91.8,27064.0,27327.0,99.0
2025-05,大田,龍源寺間歩,大田市,11729.0,11638.0,100.8,32932.0,31970.0,103.0
2025-05,邑智,仁摩サンドミュージアム,大田市,4782.0,4858.0,98.4,13824.0,15042.0,91.9
2025-05,邑智,香木の森公園,邑南町,6349.0,13152.0,48.3,10667.0,27679.0,38.5
2025-05,邑智,風の国,江津市,1317.0,1020.0,129.1,4539.0,4493.0,101.0
2025-05,江津,アクアス,浜田市,49521.0,43817.0,113.0,133696.0,132572.0,100.8
2025-05,浜田,きんたの里,浜田市,6951.0,7720.0,90.0,32306.0,36986.0,87.3
2025-05,浜田,はまだお魚市場,浜田市,18409.0,18538.0,99.3,59826.0,63675.0,94.0
2025-05,浜田,万葉公園,益田市,18568.0,22400.0,82.9,103757.0,103880.0,99.9
2025-05,益田,太皷谷稲成神社,津和野町,39471.0,41241.0,95.7,360025.0,364586.0,98.7
2025-05,益田,森鷗外記念館,津和野町,1240.0,1184.0,104.7,3130.0,3337.0,93.8
2025-05,益田,隠岐神社,海士町,1715.0,2195.0,78.1,5335.0,5840.0,91.4
2025-05,隠岐,国賀海岸,西ノ島町,2808.0,2895.0,97.0,4219.0,4635.0,91.0
2025-05,隠岐,フィッシャーマンズワーフ隠岐,隠岐の島町,6253.0,6618.0,94.5,17350.0,20255.0,85.7
2025-05,隠岐,合,計,504670.0,535095.0,94.3,2053300.0,2118522.0,96.9
2025-06,,ぐるっと松江堀川めぐり,松江市,14264.0,14604.0,97.7,85084.0,88423.0,96.2
2025-06,,松江城,松江市,27969.0,27759.0,100.8,179399.0,184073.0,97.5
2025-06,松江,由志園,松江市,12653.0,12770.0,99.1,115925.0,115544.0,100.3
2025-06,松江,八重垣神社,松江市,12770.0,12235.0,104.4,117646.0,113141.0,104.0
2025-06,松江,足立美術館,安来市,41032.0,40858.0,100.4,249121.0,235487.0,105.8
2025-06,安来,清水寺,安来市,4700.0,4700.0,100.0,68400.0,65100.0,105.1
2025-06,安来,玉峰山荘,奥出雲町,4927.0,4766.0,103.4,32848.0,31907.0,102.9
2025-06,雲南,道の駅たたらば壱番地,雲南市,18951.0,20070.0,94.4,115835.0,123589.0,93.7
2025-06,雲南,古代出雲歴史博物館,出雲市,,11736.0,,42600.0,84413.0,50.5
2025-06,雲南,道の駅キララ多伎,出雲市,28281.0,32117.0,88.1,184235.0,195540.0,94.2
2025-06,出雲,島根ワイナリー,出雲市,25722.0,26842.0,95.8,192121.0,192731.0,99.7
2025-06,出雲,ゴビウス,出雲市,8413.0,8933.0,94.2,61980.0,64334.0,96.3
2025-06,出雲,三瓶自然館,大田市,5693.0,5550.0,102.6,32757.0,32997.0,99.3
2025-06,大田,龍源寺間歩,大田市,5229.0,5231.0,100.0,38161.0,37201.0,102.6
2025-06,邑智,仁摩サンドミュージアム,大田市,2258.0,2614.0,86.4,16082.0,17656.0,91.1
2025-06,邑智,香木の森公園,邑南町,3219.0,7640.0,42.1,13886.0,35319.0,39.3
2025-06,邑智,風の国,江津市,787.0,1117.0,70.5,5326.0,5610.0,94.9
2025-06,江津,アクアス,浜田市,23451.0,20713.0,113.2,157147.0,153285.0,102.5
2025-06,浜田,きんたの里,浜田市,5079.0,5414.0,93.8,37385.0,42400.0,88.2
2025-06,浜田,はまだお魚市場,浜田市,12037.0,12766.0,94.3,71863.0,76441.0,94.0
2025-06,浜田,万葉公園,益田市,106.0,17632.0,0.6,103863.0,121512.0,85.5
2025-06,益田,太皷谷稲成神社,津和野町,24959.0,26002.0,96.0,384984.0,390588.0,98.6
2025-06,益田,森鷗外記念館,津和野町,698.0,503.0,138.8,3828.0,3840.0,99.7
2025-06,益田,隠岐神社,海士町,1165.0,1410.0,82.6,6500.0,7250.0,89.7
2025-06,隠岐,国賀海岸,西ノ島町,2324.0,2141.0,108.5,6543.0,6776.0,96.6
2025-06,隠岐,フィッシャーマンズワーフ隠岐,隠岐の島町,4996.0,5430.0,92.0,22346.0,25685.0,87.0
2025-06,隠岐,合,計,291683.0,331553.0,88.0,2345865.0,2450842.0,95.7
2025-07,,ぐるっと松江堀川めぐり,松江市,11242.0,12539.0,89.7,96326.0,100962.0,95.4
2025-07,,松江城,松江市,25387.0,25690.0,98.8,205274.0,209763.0,97.9
2025-07,松江,由志園,松江市,9051.0,8162.0,110.9,124976.0,123706.0,101.0
2025-07,松江,八重垣神社,松江市,12255.0,10949.0,111.9,129901.0,124090.0,104.7
2025-07,松江,足立美術館,安来市,29560.0,30694.0,96.3,278681.0,266181.0,104.7
2025-07,安来,清水寺,安来市,3200.0,3800.0,84.2,71600.0,68900.0,103.9
2025-07,安来,玉峰山荘,奥出雲町,4292.0,4584.0,93.6,37140.0,36491.0,101.8
2025-07,雲南,道の駅たたらば壱番地,雲南市,20849.0,20171.0,103.4,135845.0,143760.0,94.5
2025-07,雲南,古代出雲歴史博物館,出雲市,,13888.0,,42600.0,98301.0,
2025-07,雲南,道の駅キララ多伎,出雲市,33625.0,35412.0,95.0,217860.0,230952.0,94.3
2025-07,出雲,島根ワイナリー,出雲市,26558.0,26857.0,98.9,218679.0,219588.0,99.6
2025-07,出雲,ゴビウス,出雲市,13929.0,13549.0,102.8,75909.0,77883.0,97.5
2025-07,出雲,三瓶自然館,大田市,9381.0,8121.0,115.5,42138.0,41118.0,102.5
2025-07,大田,龍源寺間歩,大田市,6700.0,5595.0,119.7,44861.0,42796.0,104.8
2025-07,邑智,仁摩サンドミュージアム,大田市,3330.0,3074.0,108.3,19412.0,20730.0,93.6
2025-07,邑智,香木の森公園,邑南町,1982.0,6327.0,31.3,15868.0,41646.0,38.1
2025-07,邑智,風の国,江津市,1517.0,698.0,217.3,6843.0,6308.0,108.5
2025-07,江津,アクアス,浜田市,38904.0,33051.0,117.7,196051.0,186336.0,105.2
2025-07,浜田,きんたの里,浜田市,4646.0,6109.0,76.1,42031.0,48509.0,86.6
2025-07,浜田,はまだお魚市場,浜田市,14346.0,14151.0,101.4,86209.0,90592.0,95.2
2025-07,浜田,万葉公園,益田市,3781.0,17984.0,21.0,107644.0,139496.0,77.2
2025-07,益田,太皷谷稲成神社,津和野町,24471.0,20915.0,117.0,409455.0,411503.0,99.5
2025-07,益田,森鷗外記念館,津和野町,640.0,388.0,164.9,4468.0,4228.0,105.7
2025-07,益田,隠岐神社,海士町,1390.0,1145.0,121.4,7890.0,8395.0,94.0
2025-07,隠岐,国賀海岸,西ノ島町,1737.0,1623.0,107.0,8280.0,8399.0,98.6
2025-07,隠岐,フィッシャーマンズワーフ隠岐,隠岐の島町,4690.0,5212.0,90.0,27036.0,30897.0,87.5
2025-07,隠岐,合,計,307463.0,330688.0,93.0,2652977.0,2781530.0,95.4
2025-08,,ぐるっと松江堀川めぐり,松江市,18581.0,19196.0,96.8,114907.0,120158.0,95.6
2025-08,,松江城,松江市,39230.0,42554.0,92.2,245024.0,252317.0,97.1
2025-08,松江,由志園,松江市,12719.0,11598.0,109.7,137695.0,135304.0,101.8
2025-08,松江,八重垣神社,松江市,16415.0,16127.0,101.8,146316.0,140217.0,104.3
2025-08,松江,足立美術館,安来市,41075.0,40377.0,101.7,319756.0,306558.0,104.3
2025-08,安来,清水寺,安来市,4000.0,4000.0,100.0,75600.0,72900.0,103.7
2025-08,安来,玉峰山荘,奥出雲町,7869.0,6907.0,113.9,45009.0,43398.0,103.7
2025-08,雲南,道の駅たたらば壱番地,雲南市,30288.0,28750.0,105.3,166133.0,172510.0,96.3
2025-08,雲南,古代出雲歴史博物館,出雲市,,22239.0,,42600.0,120540.0,
2025-08,雲南,道の駅キララ多伎,出雲市,46952.0,50813.0,92.4,264812.0,281765.0,94.0
2025-08,出雲,島根ワイナリー,出雲市,48481.0,51852.0,93.5,267160.0,271440.0,98.4
2025-08,出雲,ゴビウス,出雲市,25529.0,23068.0,110.7,101438.0,100951.0,100.5
2025-08,出雲,三瓶自然館,大田市,18984.0,18467.0,102.8,61122.0,59585.0,102.6
2025-08,大田,龍源寺間歩,大田市,13354.0,13846.0,96.4,58215.0,56642.0,102.8
2025-08,邑智,仁摩サンドミュージアム,大田市,7386.0,8101.0,91.2,26798.0,28831.0,92.9
2025-08,邑智,香木の森公園,邑南町,2941.0,6158.0,47.8,18809.0,47804.0,39.3
2025-08,邑智,風の国,江津市,3001.0,1133.0,264.9,9844.0,7441.0,132.3
2025-08,江津,アクアス,浜田市,80886.0,78805.0,102.6,276937.0,265141.0,104.4
2025-08,浜田,きんたの里,浜田市,8930.0,9819.0,90.9,50961.0,58328.0,87.4
2025-08,浜田,はまだお魚市場,浜田市,25294.0,25179.0,100.5,111503.0,115771.0,96.3
2025-08,浜田,万葉公園,益田市,10324.0,15604.0,66.2,117968.0,155100.0,76.1
2025-08,益田,太皷谷稲成神社,津和野町,30446.0,32045.0,95.0,439901.0,443548.0,99.2
2025-08,益田,森鷗外記念館,津和野町,954.0,845.0,112.9,5422.0,5073.0,106.9
2025-08,益田,隠岐神社,海士町,1625.0,1415.0,114.8,9515.0,9810.0,97.0
2025-08,隠岐,国賀海岸,西ノ島町,1677.0,1514.0,110.8,9957.0,9913.0,100.4
2025-08,隠岐,フィッシャーマンズワーフ隠岐,隠岐の島町,8100.0,8913.0,90.9,35136.0,39810.0,88.3
2025-08,隠岐,合,計,505041.0,539325.0,93.6,3158538.0,3320855.0,95.1
2025-09,,ぐるっと松江堀川めぐり,松江市,13977.0,16663.0,83.9,128884.0,136821.0,94.2
2025-09,,松江城,松江市,33909.0,35912.0,94.4,280110.0,288229.0,97.2
2025-09,松江,由志園,松江市,17240.0,12687.0,135.9,154935.0,147991.0,104.7
2025-09,松江,八重垣神社,松江市,14822.0,15537.0,95.4,161138.0,155754.0,103.5
2025-09,松江,足立美術館,安来市,41202.0,45774.0,90.0,360958.0,352332.0,102.4
2025-09,安来,清水寺,安来市,3900.0,4900.0,79.6,79500.0,77800.0,102.2
2025-09,安来,玉峰山荘,奥出雲町,4200.0,4695.0,89.5,49209.0,48093.0,102.3
2025-09,雲南,道の駅たたらば壱番地,雲南市,20361.0,23775.0,85.6,186494.0,196285.0,95.0
2025-09,雲南,古代出雲歴史博物館,出雲市,0.0,17250.0,,42600.0,137790.0,
2025-09,雲南,道の駅キララ多伎,出雲市,37233.0,44584.0,83.5,302045.0,326349.0,92.6
2025-09,出雲,島根ワイナリー,出雲市,29607.0,37936.0,78.0,296767.0,309376.0,95.9
2025-09,出雲,ゴビウス,出雲市,10464.0,12943.0,80.8,111902.0,113894.0,98.3
2025-09,出雲,三瓶自然館,大田市,9200.0,10865.0,84.7,70322.0,70450.0,99.8
2025-09,大田,龍源寺間歩,大田市,8549.0,9265.0,92.3,66764.0,65907.0,101.3
2025-09,邑智,仁摩サンドミュージアム,大田市,3066.0,3735.0,82.1,29864.0,32566.0,91.7
2025-09,邑智,香木の森公園,邑南町,2644.0,5393.0,49.0,21453.0,53197.0,40.3
2025-09,邑智,風の国,江津市,1495.0,537.0,278.4,11329.0,7978.0,142.0
2025-09,江津,アクアス,浜田市,35187.0,40370.0,87.2,312124.0,305511.0,102.2
2025-09,浜田,きんたの里,浜田市,5354.0,6637.0,80.7,56315.0,64965.0,86.7
2025-09,浜田,はまだお魚市場,浜田市,13953.0,14772.0,94.5,125316.0,130543.0,96.0
2025-09,浜田,万葉公園,益田市,16239.0,22884.0,71.0,134207.0,177984.0,75.4
2025-09,益田,太皷谷稲成神社,津和野町,29500.0,30848.0,95.6,469401.0,474396.0,98.9
2025-09,益田,森鷗外記念館,津和野町,706.0,746.0,94.6,6128.0,5819.0,105.3
2025-09,益田,隠岐神社,海士町,1965.0,1675.0,117.3,11480.0,11485.0,100.0
2025-09,隠岐,国賀海岸,西ノ島町,2803.0,2210.0,126.8,12760.0,12123.0,105.3
2025-09,隠岐,フィッシャーマンズワーフ隠岐,隠岐の島町,6664.0,5590.0,119.2,41800.0,45400.0,92.1
2025-09,隠岐,合,計,364240.0,428183.0,85.1,3523805.0,3749038.0,94.0
2025-10,,ぐるっと松江堀川めぐり,松江市,23796.0,21802.0,109.1,152680.0,158623.0,96.3
2025-10,,松江城,松江市,48529.0,44139.0,109.9,329443.0,332368.0,99.1
2025-10,松江,由志園,松江市,23240.0,20894.0,111.2,178175.0,168885.0,105.5
2025-10,松江,八重垣神社,松江市,25419.0,17633.0,144.2,186557.0,173387.0,107.6
2025-10,松江,足立美術館,安来市,62827.0,65443.0,96.0,423785.0,417775.0,101.4
2025-10,安来,清水寺,安来市,5000.0,5800.0,86.2,84500.0,83600.0,101.1
2025-10,安来,玉峰山荘,奥出雲町,5935.0,5602.0,105.9,55144.0,53695.0,102.7
2025-10,雲南,道の駅たたらば壱番地,雲南市,23896.0,25367.0,94.2,210390.0,221652.0,94.9
2025-10,雲南,古代出雲歴史博物館,出雲市,0.0,19594.0,,42600.0,157384.0,
2025-10,雲南,道の駅キララ多伎,出雲市,38124.0,39379.0,96.8,340169.0,365728.0,93.0
2025-10,出雲,島根ワイナリー,出雲市,40817.0,45880.0,89.0,337584.0,355256.0,95.0
2025-10,出雲,ゴビウス,出雲市,12603.0,11768.0,107.1,124505.0,125662.0,99.1
2025-10,出雲,三瓶自然館,大田市,9094.0,8338.0,109.1,79416.0,78788.0,100.8
2025-10,大田,龍源寺間歩,大田市,9138.0,9011.0,101.4,75902.0,74918.0,101.3
2025-10,邑智,仁摩サンドミュージアム,大田市,3273.0,3315.0,98.7,33137.0,35881.0,92.4
2025-10,邑智,香木の森公園,邑南町,2901.0,5367.0,54.1,24354.0,58564.0,41.6
2025-10,邑智,風の国,江津市,1497.0,605.0,247.4,11219.0,8583.0,130.7
2025-10,江津,アクアス,浜田市,25873.0,24527.0,105.5,337997.0,330038.0,102.4
2025-10,浜田,きんたの里,浜田市,5616.0,5928.0,94.7,61931.0,70893.0,87.4
2025-10,浜田,はまだお魚市場,浜田市,13401.0,12781.0,104.9,138717.0,143324.0,96.8
2025-10,浜田,万葉公園,益田市,24466.0,30057.0,81.4,158673.0,208041.0,76.3
2025-10,益田,太皷谷稲成神社,津和野町,31162.0,33316.0,93.5,500563.0,507712.0,98.6
2025-10,益田,森鷗外記念館,津和野町,1099.0,1017.0,108.1,7227.0,6836.0,105.7
2025-10,益田,隠岐神社,海士町,2000.0,3015.0,66.3,13480.0,14500.0,93.0
2025-10,隠岐,国賀海岸,西ノ島町,2746.0,2574.0,106.7,15506.0,14697.0,105.5
2025-10,隠岐,フィッシャーマンズワーフ隠岐,隠岐の島町,7828.0,6798.0,115.2,49628.0,52198.0,95.1
2025-10,隠岐,合,計,450280.0,469950.0,95.8,3973282.0,4218988.0,94.2
2025-11,,ぐるっと松江堀川めぐり,松江市,28340.0,19879.0,142.6,181020.0,178502.0,101.4
2025-11,,松江城,松江市,55438.0,45491.0,121.9,386450.0,377859.0,102.3
2025-11,松江,由志園,松江市,35568.0,34092.0,104.3,213743.0,202977.0,105.3
2025-11,松江,八重垣神社,松江市,32906.0,25329.0,129.9,219463.0,198716.0,110.4
2025-11,松江,足立美術館,安来市,87037.0,90973.0,95.7,510822.0,508748.0,100.4
2025-11,安来,清水寺,安来市,12800.0,11800.0,108.5,97300.0,95400.0,102.0
2025-11,安来,玉峰山荘,奥出雲町,7667.0,7441.0,103.0,62811.0,61136.0,102.7
2025-11,雲南,道の駅たたらば壱番地,雲南市,30347.0,29076.0,104.4,240737.0,250728.0,96.0
2025-11,雲南,古代出雲歴史博物館,出雲市,0.0,25181.0,,42600.0,182565.0,
2025-11,雲南,道の駅キララ多伎,出雲市,38530.0,38409.0,100.3,378699.0,404137.0,93.7
2025-11,出雲,島根ワイナリー,出雲市,44658.0,54081.0,82.6,382242.0,409337.0,93.4
2025-11,出雲,ゴビウス,出雲市,8322.0,8545.0,97.4,132827.0,134207.0,99.0
2025-11,出雲,三瓶自然館,大田市,9396.0,8122.0,115.7,88812.0,86910.0,102.2
2025-11,大田,龍源寺間歩,大田市,10305.0,8999.0,114.5,86207.0,83917.0,102.7
2025-11,邑智,仁摩サンドミュージアム,大田市,3616.0,3715.0,97.3,36753.0,39596.0,92.8
2025-11,邑智,香木の森公園,邑南町,3005.0,4400.0,68.3,27359.0,62964.0,43.5
2025-11,邑智,風の国,江津市,1232.0,914.0,134.8,12451.0,9497.0,131.1
2025-11,江津,アクアス,浜田市,24857.0,22768.0,109.2,362854.0,352806.0,102.8
2025-11,浜田,きんたの里,浜田市,6059.0,5965.0,101.6,67990.0,76858.0,88.5
2025-11,浜田,はまだお魚市場,浜田市,16101.0,14713.0,109.4,154818.0,158037.0,98.0
2025-11,浜田,万葉公園,益田市,19020.0,22350.0,85.1,177693.0,230391.0,77.1
2025-11,益田,太皷谷稲成神社,津和野町,44000.0,38953.0,113.0,544563.0,546665.0,99.6
2025-11,益田,森鷗外記念館,津和野町,1279.0,1217.0,105.1,8506.0,8053.0,105.6
2025-11,益田,隠岐神社,海士町,700.0,1105.0,63.3,14180.0,15605.0,90.9
2025-11,隠岐,国賀海岸,西ノ島町,615.0,405.0,151.9,16121.0,15102.0,106.7
2025-11,隠岐,フィッシャーマンズワーフ隠岐,隠岐の島町,4682.0,4805.0,97.4,54310.0,57003.0,95.3
2025-11,隠岐,合,計,526480.0,528728.0,99.6,4501331.0,4747716.0,94.8
